[
    {
        "model": "auth.user",
        "pk": 1,
        "fields": {
            "username": "student",
            "first_name": "Test",
            "last_name": "Student",
            "email": "student@liverpool.ac.uk",
            "password": "pbkdf2_sha256$870000$70i95r7r6OyTQLoqEg3EiC$Kd/bb3F41c0PeJ0DTUd9WCBWJZarv+13wZlSzfnnQZ0=",
            "is_active": true,
            "is_staff": false,
            "is_superuser": false
        }
    },
    {
        "model": "auth.user",
        "pk": 2,
        "fields": {
            "username": "admin",
            "first_name": "Admin",
            "last_name": "User",
            "email": "admin@liverpool.ac.uk",
            "password": "pbkdf2_sha256$870000$70i95r7r6OyTQLoqEg3EiC$Kd/bb3F41c0PeJ0DTUd9WCBWJZarv+13wZlSzfnnQZ0=",
            "is_active": true,
            "is_staff": true,
            "is_superuser": true
        }
    },
    {
        "model": "accounts.userprofile",
        "pk": 1,
        "fields": {
            "user": 1,
            "role": "student",
            "university": "University of Liverpool",
            "course": "Computer Science",
            "year_of_study": 2
        }
    },
    {
        "model": "accounts.userprofile",
        "pk": 2,
        "fields": {
            "user": 2,
            "role": "admin",
            "university": "University of Liverpool",
            "course": "",
            "year_of_study": 1
        }
    },
    {
        "model": "modules.module",
        "pk": 1,
        "fields": {
            "code": "COMP202",
            "name": "Complexity of Algorithms",
            "description": "This module covers the complexity of algorithms, including classical algorithmic problems (searching, sorting, graph algorithms), basic data structures (heaps, graphs), number theory applications, and formal theories of computational intractability such as NP-completeness.",
            "credits": "15.0",
            "lecturer": "Nikhil Mande",
            "semester": 2,
            "academic_year": "2025/26",
            "department": "Computer Science",
            "year": 2,
            "students": [1]
        }
    },
    {
        "model": "modules.module",
        "pk": 2,
        "fields": {
            "code": "COMP208",
            "name": "Group Software Development Project",
            "description": "This module serves as your transition from solo coding to professional-grade collaboration, tasking you with building a substantial software application as part of a structured development team. You will navigate the entire project lifecycle—from initial requirements gathering and architectural design to the delivery of a functional database-driven system—while mastering essential industry skills like project management and quality assurance.",
            "credits": "15.0",
            "lecturer": "Lorenzo Gheri",
            "semester": 2,
            "academic_year": "2025/26",
            "department": "Computer Science",
            "year": 2,
            "students": [1]
        }
    },
    {
        "model": "modules.module",
        "pk": 3,
        "fields": {
            "code": "COMP284",
            "name": "Scripting Languages",
            "description": "",
            "credits": "7.5",
            "lecturer": "",
            "semester": 2,
            "academic_year": "2025/26",
            "department": "Computer Science",
            "year": 2,
            "students": [1]
        }
    },
    {
        "model": "modules.module",
        "pk": 4,
        "fields": {
            "code": "COMP285",
            "name": "Computer Aided Software Dev",
            "description": "",
            "credits": "7.5",
            "lecturer": "",
            "semester": 2,
            "academic_year": "2025/26",
            "department": "Computer Science",
            "year": 2,
            "students": [1]
        }
    },
    {
        "model": "modules.module",
        "pk": 5,
        "fields": {
            "code": "ULMS254",
            "name": "Becoming Entrepreneurial",
            "description": "",
            "credits": "15.0",
            "lecturer": "",
            "semester": 2,
            "academic_year": "2025/26",
            "department": "Management School",
            "year": 2,
            "students": [1]
        }
    },
    {
        "model": "modules.module",
        "pk": 6,
        "fields": {
            "code": "COMP201",
            "name": "Software Engineering I",
            "description": "This module provides a comprehensive introduction to the systematic processes and professional standards essential for building reliable, large-scale software applications. It emphasises the practical application of Agile development, requirements analysis, and system modelling, ensuring students understand how to manage a project from initial concept through to rigorous testing.",
            "credits": "15.0",
            "lecturer": "Sebastian Coope",
            "semester": 1,
            "academic_year": "2025/26",
            "department": "Computer Science",
            "year": 2,
            "students": [1]
        }
    },
    {
        "model": "modules.module",
        "pk": 7,
        "fields": {
            "code": "COMP207",
            "name": "Database Development",
            "description": "This module explores the fundamental principles and practical techniques required to design, implement, and manage robust relational database systems. Students master the use of SQL for data manipulation and retrieval while learning to create efficient data structures through Entity-Relationship modeling and normalization.",
            "credits": "15.0",
            "lecturer": "Rasmus Ibsen-Jensen",
            "semester": 1,
            "academic_year": "2025/26",
            "department": "Computer Science",
            "year": 2,
            "students": [1]
        }
    },
    {
        "model": "grades.assignment",
        "pk": 1,
        "fields": {
            "module": 1,
            "title": "Class Test",
            "weight": "15.0",
            "type": "coursework",
            "due_date": "2026-03-10"
        }
    },
    {
        "model": "grades.assignment",
        "pk": 2,
        "fields": {
            "module": 1,
            "title": "Programming Assg.",
            "weight": "15.0",
            "type": "coursework",
            "due_date": "2026-04-24"
        }
    },
    {
        "model": "grades.assignment",
        "pk": 3,
        "fields": {
            "module": 1,
            "title": "Final Exam",
            "weight": "70.0",
            "type": "exam",
            "due_date": null
        }
    },
    {
        "model": "grades.assignment",
        "pk": 4,
        "fields": {
            "module": 2,
            "title": "Requirements Analysis",
            "weight": "12.0",
            "type": "coursework",
            "due_date": "2026-02-16"
        }
    },
    {
        "model": "grades.assignment",
        "pk": 5,
        "fields": {
            "module": 2,
            "title": "Design",
            "weight": "15.0",
            "type": "coursework",
            "due_date": "2026-05-11"
        }
    },
    {
        "model": "grades.assignment",
        "pk": 6,
        "fields": {
            "module": 2,
            "title": "Software Demo",
            "weight": "15.0",
            "type": "coursework",
            "due_date": "2026-04-20"
        }
    },
    {
        "model": "grades.assignment",
        "pk": 7,
        "fields": {
            "module": 2,
            "title": "Portfolio (Team)",
            "weight": "30.0",
            "type": "coursework",
            "due_date": "2026-05-11"
        }
    },
    {
        "model": "grades.assignment",
        "pk": 8,
        "fields": {
            "module": 2,
            "title": "Individual Submission",
            "weight": "20.0",
            "type": "coursework",
            "due_date": "2026-05-11"
        }
    },
    {
        "model": "grades.assignment",
        "pk": 9,
        "fields": {
            "module": 2,
            "title": "Team Activity Record",
            "weight": "8.0",
            "type": "coursework",
            "due_date": "2026-05-11"
        }
    },
    {
        "model": "modules.week",
        "pk": 1,
        "fields": {
            "module": 1,
            "number": 1,
            "title": "Introduction and O(n)"
        }
    },
    {
        "model": "modules.week",
        "pk": 2,
        "fields": {
            "module": 1,
            "number": 2,
            "title": "Recurrence"
        }
    },
    {
        "model": "modules.week",
        "pk": 3,
        "fields": {
            "module": 1,
            "number": 3,
            "title": "Randomised Algorithms"
        }
    },
    {
        "model": "modules.week",
        "pk": 4,
        "fields": {
            "module": 1,
            "number": 4,
            "title": "Sorting"
        }
    },
    {
        "model": "modules.material",
        "pk": 1,
        "fields": {
            "week": 1,
            "title": "Lecture Slides",
            "type": "slides",
            "url": "",
            "available": true
        }
    },
    {
        "model": "modules.material",
        "pk": 2,
        "fields": {
            "week": 1,
            "title": "Exercise 1",
            "type": "worksheet",
            "url": "",
            "available": true
        }
    },
    {
        "model": "modules.material",
        "pk": 3,
        "fields": {
            "week": 1,
            "title": "Exercise 1 Solutions",
            "type": "worksheet",
            "url": "",
            "available": true
        }
    },
    {
        "model": "grades.grade",
        "pk": 1,
        "fields": {
            "student": 1,
            "assignment": 4,
            "score": "75.0",
            "status": "graded"
        }
    },
    {
        "model": "grades.grade",
        "pk": 2,
        "fields": {
            "student": 1,
            "assignment": 5,
            "score": null,
            "status": "not_submitted"
        }
    },
    {
        "model": "grades.assignment",
        "pk": 10,
        "fields": {
            "module": 6,
            "title": "CA1 Requirements Analysis",
            "weight": "20.0",
            "type": "coursework",
            "due_date": "2025-11-06"
        }
    },
    {
        "model": "grades.assignment",
        "pk": 11,
        "fields": {
            "module": 6,
            "title": "CA2 Object Oriented Design",
            "weight": "20.0",
            "type": "coursework",
            "due_date": "2025-12-04"
        }
    },
    {
        "model": "grades.assignment",
        "pk": 12,
        "fields": {
            "module": 6,
            "title": "MCQ Exam",
            "weight": "60.0",
            "type": "exam",
            "due_date": "2026-01-12"
        }
    },
    {
        "model": "modules.week",
        "pk": 5,
        "fields": {
            "module": 6,
            "number": 1,
            "title": "Introduction & Software Processes"
        }
    },
    {
        "model": "modules.week",
        "pk": 6,
        "fields": {
            "module": 6,
            "number": 2,
            "title": "Software Requirements & Use Cases"
        }
    },
    {
        "model": "modules.week",
        "pk": 7,
        "fields": {
            "module": 6,
            "number": 3,
            "title": "Requirements Engineering & System Modelling"
        }
    },
    {
        "model": "modules.week",
        "pk": 8,
        "fields": {
            "module": 6,
            "number": 4,
            "title": "System Modelling & Petri Nets"
        }
    },
    {
        "model": "modules.week",
        "pk": 9,
        "fields": {
            "module": 6,
            "number": 5,
            "title": "Design Methodology & Distributed Systems"
        }
    },
    {
        "model": "modules.week",
        "pk": 10,
        "fields": {
            "module": 6,
            "number": 6,
            "title": "Distributed Systems & OO Design"
        }
    },
    {
        "model": "modules.week",
        "pk": 11,
        "fields": {
            "module": 6,
            "number": 7,
            "title": "OO Design & Class Models"
        }
    },
    {
        "model": "modules.week",
        "pk": 12,
        "fields": {
            "module": 6,
            "number": 8,
            "title": "Interaction Diagrams & Testing"
        }
    },
    {
        "model": "modules.week",
        "pk": 13,
        "fields": {
            "module": 6,
            "number": 9,
            "title": "Testing, Project Management & Cost Estimation"
        }
    },
    {
        "model": "modules.week",
        "pk": 14,
        "fields": {
            "module": 6,
            "number": 10,
            "title": "Revision & Review"
        }
    },
    {
        "model": "modules.material",
        "pk": 4,
        "fields": {
            "week": 5,
            "title": "Lecture 1 — What is Software Engineering",
            "type": "slides",
            "url": "",
            "available": true
        }
    },
    {
        "model": "modules.material",
        "pk": 5,
        "fields": {
            "week": 5,
            "title": "Lecture 2 — Process",
            "type": "slides",
            "url": "",
            "available": true
        }
    },
    {
        "model": "modules.material",
        "pk": 6,
        "fields": {
            "week": 5,
            "title": "Lecture 3 — Software Processes",
            "type": "slides",
            "url": "",
            "available": true
        }
    },
    {
        "model": "modules.material",
        "pk": 7,
        "fields": {
            "week": 5,
            "title": "Lab Week 1",
            "type": "worksheet",
            "url": "",
            "available": true
        }
    },
    {
        "model": "modules.material",
        "pk": 8,
        "fields": {
            "week": 6,
            "title": "Lecture 4 — Software Requirements",
            "type": "slides",
            "url": "",
            "available": true
        }
    },
    {
        "model": "modules.material",
        "pk": 9,
        "fields": {
            "week": 6,
            "title": "Lecture 5 — Use Case Analysis",
            "type": "slides",
            "url": "",
            "available": true
        }
    },
    {
        "model": "modules.material",
        "pk": 10,
        "fields": {
            "week": 6,
            "title": "Lab Week 2",
            "type": "worksheet",
            "url": "",
            "available": true
        }
    },
    {
        "model": "modules.material",
        "pk": 11,
        "fields": {
            "week": 7,
            "title": "Lecture 6 — Requirements Case Study",
            "type": "slides",
            "url": "",
            "available": true
        }
    },
    {
        "model": "modules.material",
        "pk": 12,
        "fields": {
            "week": 7,
            "title": "Lectures 7 & 8 — Requirements Engineering Process",
            "type": "slides",
            "url": "",
            "available": true
        }
    },
    {
        "model": "modules.material",
        "pk": 13,
        "fields": {
            "week": 7,
            "title": "Lecture 9 — System Modelling Introduction",
            "type": "slides",
            "url": "",
            "available": true
        }
    },
    {
        "model": "modules.material",
        "pk": 14,
        "fields": {
            "week": 7,
            "title": "Lab Week 3",
            "type": "worksheet",
            "url": "",
            "available": true
        }
    },
    {
        "model": "modules.material",
        "pk": 15,
        "fields": {
            "week": 8,
            "title": "Lecture 10 — System Modelling",
            "type": "slides",
            "url": "",
            "available": true
        }
    },
    {
        "model": "modules.material",
        "pk": 16,
        "fields": {
            "week": 8,
            "title": "Lectures 11 & 12 — Petri Nets",
            "type": "slides",
            "url": "",
            "available": true
        }
    },
    {
        "model": "modules.material",
        "pk": 17,
        "fields": {
            "week": 8,
            "title": "Lab Week 4",
            "type": "worksheet",
            "url": "",
            "available": true
        }
    },
    {
        "model": "modules.material",
        "pk": 18,
        "fields": {
            "week": 9,
            "title": "Lecture 13 — Design Methodology",
            "type": "slides",
            "url": "",
            "available": true
        }
    },
    {
        "model": "modules.material",
        "pk": 19,
        "fields": {
            "week": 9,
            "title": "Lecture 14 — Design Methodology",
            "type": "slides",
            "url": "",
            "available": true
        }
    },
    {
        "model": "modules.material",
        "pk": 20,
        "fields": {
            "week": 9,
            "title": "Lecture 15 — Distributed Systems Architecture",
            "type": "slides",
            "url": "",
            "available": true
        }
    },
    {
        "model": "modules.material",
        "pk": 21,
        "fields": {
            "week": 9,
            "title": "Lab Week 5",
            "type": "worksheet",
            "url": "",
            "available": true
        }
    },
    {
        "model": "modules.material",
        "pk": 22,
        "fields": {
            "week": 10,
            "title": "Lecture 16 — Distributed Systems Architecture",
            "type": "slides",
            "url": "",
            "available": true
        }
    },
    {
        "model": "modules.material",
        "pk": 23,
        "fields": {
            "week": 10,
            "title": "Lecture 17 — OO Design Concepts",
            "type": "slides",
            "url": "",
            "available": true
        }
    },
    {
        "model": "modules.material",
        "pk": 24,
        "fields": {
            "week": 10,
            "title": "Lecture 18 — Hotel Booking Case Study",
            "type": "slides",
            "url": "",
            "available": true
        }
    },
    {
        "model": "modules.material",
        "pk": 25,
        "fields": {
            "week": 11,
            "title": "Lecture 19 — OO Design Case Study",
            "type": "slides",
            "url": "",
            "available": true
        }
    },
    {
        "model": "modules.material",
        "pk": 26,
        "fields": {
            "week": 11,
            "title": "Lecture 20 — Class Models",
            "type": "slides",
            "url": "",
            "available": true
        }
    },
    {
        "model": "modules.material",
        "pk": 27,
        "fields": {
            "week": 11,
            "title": "Lecture 21 — Class Models Continued",
            "type": "slides",
            "url": "",
            "available": true
        }
    },
    {
        "model": "modules.material",
        "pk": 28,
        "fields": {
            "week": 12,
            "title": "Lecture 22 — Interaction Diagrams",
            "type": "slides",
            "url": "",
            "available": true
        }
    },
    {
        "model": "modules.material",
        "pk": 29,
        "fields": {
            "week": 12,
            "title": "Lecture 23 — Verification & Validation",
            "type": "slides",
            "url": "",
            "available": true
        }
    },
    {
        "model": "modules.material",
        "pk": 30,
        "fields": {
            "week": 12,
            "title": "Lecture 24 — Software Testing",
            "type": "slides",
            "url": "",
            "available": true
        }
    },
    {
        "model": "modules.material",
        "pk": 31,
        "fields": {
            "week": 13,
            "title": "Lecture 25 — Software Testing",
            "type": "slides",
            "url": "",
            "available": true
        }
    },
    {
        "model": "modules.material",
        "pk": 32,
        "fields": {
            "week": 13,
            "title": "Lecture 26 — Project Management",
            "type": "slides",
            "url": "",
            "available": true
        }
    },
    {
        "model": "modules.material",
        "pk": 33,
        "fields": {
            "week": 13,
            "title": "Lecture 27 — Software Cost Estimation",
            "type": "slides",
            "url": "",
            "available": true
        }
    },
    {
        "model": "modules.material",
        "pk": 34,
        "fields": {
            "week": 14,
            "title": "Past Paper 1",
            "type": "other",
            "url": "",
            "available": true
        }
    },
    {
        "model": "modules.material",
        "pk": 35,
        "fields": {
            "week": 14,
            "title": "Past Paper 1 — Answers",
            "type": "other",
            "url": "",
            "available": true
        }
    },
    {
        "model": "modules.material",
        "pk": 36,
        "fields": {
            "week": 14,
            "title": "Past Paper 2",
            "type": "other",
            "url": "",
            "available": true
        }
    },
    {
        "model": "modules.material",
        "pk": 37,
        "fields": {
            "week": 14,
            "title": "Past Paper 2 — Answers",
            "type": "other",
            "url": "",
            "available": true
        }
    },
    {
        "model": "grades.assignment",
        "pk": 13,
        "fields": {
            "module": 7,
            "title": "CA1 Practical SQL Assessment",
            "weight": "25.0",
            "type": "coursework",
            "due_date": "2025-11-13"
        }
    },
    {
        "model": "grades.assignment",
        "pk": 14,
        "fields": {
            "module": 7,
            "title": "Weekly Assessments",
            "weight": "15.0",
            "type": "coursework",
            "due_date": null
        }
    },
    {
        "model": "grades.assignment",
        "pk": 15,
        "fields": {
            "module": 7,
            "title": "MCQ Exam",
            "weight": "60.0",
            "type": "exam",
            "due_date": "2026-01-14"
        }
    },
    {
        "model": "modules.week",
        "pk": 15,
        "fields": {
            "module": 7,
            "number": 1,
            "title": "Introduction to Databases & SQL Basics"
        }
    },
    {
        "model": "modules.week",
        "pk": 16,
        "fields": {
            "module": 7,
            "number": 2,
            "title": "SQL Queries & Joins"
        }
    },
    {
        "model": "modules.week",
        "pk": 17,
        "fields": {
            "module": 7,
            "number": 3,
            "title": "Advanced SQL Queries"
        }
    },
    {
        "model": "modules.week",
        "pk": 18,
        "fields": {
            "module": 7,
            "number": 4,
            "title": "Transactions & Concurrency Control"
        }
    },
    {
        "model": "modules.week",
        "pk": 19,
        "fields": {
            "module": 7,
            "number": 5,
            "title": "Locks & Recovery"
        }
    },
    {
        "model": "modules.week",
        "pk": 20,
        "fields": {
            "module": 7,
            "number": 6,
            "title": "Checkpoints & Query Processing"
        }
    },
    {
        "model": "modules.week",
        "pk": 21,
        "fields": {
            "module": 7,
            "number": 7,
            "title": "Query Optimisation & DDBMS"
        }
    },
    {
        "model": "modules.week",
        "pk": 22,
        "fields": {
            "module": 7,
            "number": 8,
            "title": "Semi-Structured Data & XML"
        }
    },
    {
        "model": "modules.week",
        "pk": 23,
        "fields": {
            "module": 7,
            "number": 9,
            "title": "XQuery & Data Analysis"
        }
    },
    {
        "model": "modules.week",
        "pk": 24,
        "fields": {
            "module": 7,
            "number": 10,
            "title": "Revision & Review"
        }
    },
    {
        "model": "modules.material",
        "pk": 38,
        "fields": {
            "week": 15,
            "title": "Lecture 1 — Introduction to Databases",
            "type": "slides",
            "url": "",
            "available": true
        }
    },
    {
        "model": "modules.material",
        "pk": 39,
        "fields": {
            "week": 15,
            "title": "Lecture 2 — SQL Basics",
            "type": "slides",
            "url": "",
            "available": true
        }
    },
    {
        "model": "modules.material",
        "pk": 40,
        "fields": {
            "week": 15,
            "title": "Tutorial 1",
            "type": "worksheet",
            "url": "",
            "available": true
        }
    },
    {
        "model": "modules.material",
        "pk": 41,
        "fields": {
            "week": 15,
            "title": "Week 1 Quiz",
            "type": "other",
            "url": "",
            "available": true
        }
    },
    {
        "model": "modules.material",
        "pk": 42,
        "fields": {
            "week": 16,
            "title": "Lecture 3 — SQL Queries",
            "type": "slides",
            "url": "",
            "available": true
        }
    },
    {
        "model": "modules.material",
        "pk": 43,
        "fields": {
            "week": 16,
            "title": "Lecture 4 — SQL Joins",
            "type": "slides",
            "url": "",
            "available": true
        }
    },
    {
        "model": "modules.material",
        "pk": 44,
        "fields": {
            "week": 16,
            "title": "Tutorial 2",
            "type": "worksheet",
            "url": "",
            "available": true
        }
    },
    {
        "model": "modules.material",
        "pk": 45,
        "fields": {
            "week": 16,
            "title": "Week 2 Quiz",
            "type": "other",
            "url": "",
            "available": true
        }
    },
    {
        "model": "modules.material",
        "pk": 46,
        "fields": {
            "week": 17,
            "title": "Lecture 5 — Subqueries & Aggregation",
            "type": "slides",
            "url": "",
            "available": true
        }
    },
    {
        "model": "modules.material",
        "pk": 47,
        "fields": {
            "week": 17,
            "title": "Lecture 6 — Advanced SQL",
            "type": "slides",
            "url": "",
            "available": true
        }
    },
    {
        "model": "modules.material",
        "pk": 48,
        "fields": {
            "week": 17,
            "title": "Tutorial 3",
            "type": "worksheet",
            "url": "",
            "available": true
        }
    },
    {
        "model": "modules.material",
        "pk": 49,
        "fields": {
            "week": 17,
            "title": "Week 3 Quiz",
            "type": "other",
            "url": "",
            "available": true
        }
    },
    {
        "model": "modules.material",
        "pk": 50,
        "fields": {
            "week": 18,
            "title": "Lecture 7 — Transactions",
            "type": "slides",
            "url": "",
            "available": true
        }
    },
    {
        "model": "modules.material",
        "pk": 51,
        "fields": {
            "week": 18,
            "title": "Lecture 8 — Concurrency Control",
            "type": "slides",
            "url": "",
            "available": true
        }
    },
    {
        "model": "modules.material",
        "pk": 52,
        "fields": {
            "week": 18,
            "title": "Tutorial 4",
            "type": "worksheet",
            "url": "",
            "available": true
        }
    },
    {
        "model": "modules.material",
        "pk": 53,
        "fields": {
            "week": 18,
            "title": "Week 4 Quiz",
            "type": "other",
            "url": "",
            "available": true
        }
    },
    {
        "model": "modules.material",
        "pk": 54,
        "fields": {
            "week": 19,
            "title": "Lecture 9 — Locks",
            "type": "slides",
            "url": "",
            "available": true
        }
    },
    {
        "model": "modules.material",
        "pk": 55,
        "fields": {
            "week": 19,
            "title": "Lecture 10 — Recovery",
            "type": "slides",
            "url": "",
            "available": true
        }
    },
    {
        "model": "modules.material",
        "pk": 56,
        "fields": {
            "week": 19,
            "title": "Tutorial 5",
            "type": "worksheet",
            "url": "",
            "available": true
        }
    },
    {
        "model": "modules.material",
        "pk": 57,
        "fields": {
            "week": 19,
            "title": "Week 5 Quiz",
            "type": "other",
            "url": "",
            "available": true
        }
    },
    {
        "model": "modules.material",
        "pk": 58,
        "fields": {
            "week": 20,
            "title": "Lecture 11 — Checkpoints",
            "type": "slides",
            "url": "",
            "available": true
        }
    },
    {
        "model": "modules.material",
        "pk": 59,
        "fields": {
            "week": 20,
            "title": "Lecture 12 — Query Processing",
            "type": "slides",
            "url": "",
            "available": true
        }
    },
    {
        "model": "modules.material",
        "pk": 60,
        "fields": {
            "week": 20,
            "title": "Tutorial 6",
            "type": "worksheet",
            "url": "",
            "available": true
        }
    },
    {
        "model": "modules.material",
        "pk": 61,
        "fields": {
            "week": 20,
            "title": "Week 6 Quiz",
            "type": "other",
            "url": "",
            "available": true
        }
    },
    {
        "model": "modules.material",
        "pk": 62,
        "fields": {
            "week": 21,
            "title": "Lecture 13 — Query Optimisation",
            "type": "slides",
            "url": "",
            "available": true
        }
    },
    {
        "model": "modules.material",
        "pk": 63,
        "fields": {
            "week": 21,
            "title": "Lecture 14 — Distributed Databases",
            "type": "slides",
            "url": "",
            "available": true
        }
    },
    {
        "model": "modules.material",
        "pk": 64,
        "fields": {
            "week": 21,
            "title": "Tutorial 7",
            "type": "worksheet",
            "url": "",
            "available": true
        }
    },
    {
        "model": "modules.material",
        "pk": 65,
        "fields": {
            "week": 21,
            "title": "Week 7 Quiz",
            "type": "other",
            "url": "",
            "available": true
        }
    },
    {
        "model": "modules.material",
        "pk": 66,
        "fields": {
            "week": 22,
            "title": "Lecture 15 — Semi-Structured Data",
            "type": "slides",
            "url": "",
            "available": true
        }
    },
    {
        "model": "modules.material",
        "pk": 67,
        "fields": {
            "week": 22,
            "title": "Lecture 16 — XML",
            "type": "slides",
            "url": "",
            "available": true
        }
    },
    {
        "model": "modules.material",
        "pk": 68,
        "fields": {
            "week": 22,
            "title": "Tutorial 8",
            "type": "worksheet",
            "url": "",
            "available": true
        }
    },
    {
        "model": "modules.material",
        "pk": 69,
        "fields": {
            "week": 22,
            "title": "Week 8 Quiz",
            "type": "other",
            "url": "",
            "available": true
        }
    },
    {
        "model": "modules.material",
        "pk": 70,
        "fields": {
            "week": 23,
            "title": "Lecture 17 — XQuery",
            "type": "slides",
            "url": "",
            "available": true
        }
    },
    {
        "model": "modules.material",
        "pk": 71,
        "fields": {
            "week": 23,
            "title": "Lecture 18 — Data Analysis",
            "type": "slides",
            "url": "",
            "available": true
        }
    },
    {
        "model": "modules.material",
        "pk": 72,
        "fields": {
            "week": 23,
            "title": "Tutorial 9",
            "type": "worksheet",
            "url": "",
            "available": true
        }
    },
    {
        "model": "modules.material",
        "pk": 73,
        "fields": {
            "week": 23,
            "title": "Week 9 Quiz",
            "type": "other",
            "url": "",
            "available": true
        }
    },
    {
        "model": "modules.material",
        "pk": 74,
        "fields": {
            "week": 24,
            "title": "Lecture 19 — Advanced Data Analysis",
            "type": "slides",
            "url": "",
            "available": true
        }
    },
    {
        "model": "modules.material",
        "pk": 75,
        "fields": {
            "week": 24,
            "title": "Lecture 20 — Revision",
            "type": "slides",
            "url": "",
            "available": true
        }
    },
    {
        "model": "modules.material",
        "pk": 76,
        "fields": {
            "week": 24,
            "title": "Tutorial 10",
            "type": "worksheet",
            "url": "",
            "available": true
        }
    },
    {
        "model": "modules.material",
        "pk": 77,
        "fields": {
            "week": 24,
            "title": "Week 10 Quiz",
            "type": "other",
            "url": "",
            "available": true
        }
    },
    {
        "model": "modules.material",
        "pk": 78,
        "fields": {
            "week": 24,
            "title": "Past Paper 1",
            "type": "other",
            "url": "",
            "available": true
        }
    },
    {
        "model": "modules.material",
        "pk": 79,
        "fields": {
            "week": 24,
            "title": "Past Paper 1 — Answers",
            "type": "other",
            "url": "",
            "available": true
        }
    },
    {
        "model": "modules.material",
        "pk": 80,
        "fields": {
            "week": 24,
            "title": "Past Paper 2",
            "type": "other",
            "url": "",
            "available": true
        }
    },
    {
        "model": "modules.material",
        "pk": 81,
        "fields": {
            "week": 24,
            "title": "Past Paper 2 — Answers",
            "type": "other",
            "url": "",
            "available": true
        }
    },
    {
        "model": "modules.material",
        "pk": 82,
        "fields": {
            "week": 2,
            "title": "Lecture Slides",
            "type": "slides",
            "url": "",
            "available": true
        }
    },
    {
        "model": "modules.material",
        "pk": 83,
        "fields": {
            "week": 2,
            "title": "Exercise 2",
            "type": "worksheet",
            "url": "",
            "available": true
        }
    },
    {
        "model": "modules.material",
        "pk": 84,
        "fields": {
            "week": 2,
            "title": "Exercise 2 Solutions",
            "type": "worksheet",
            "url": "",
            "available": true
        }
    },
    {
        "model": "modules.material",
        "pk": 85,
        "fields": {
            "week": 3,
            "title": "Lecture Slides",
            "type": "slides",
            "url": "",
            "available": true
        }
    },
    {
        "model": "modules.material",
        "pk": 86,
        "fields": {
            "week": 3,
            "title": "Exercise 3",
            "type": "worksheet",
            "url": "",
            "available": true
        }
    },
    {
        "model": "modules.material",
        "pk": 87,
        "fields": {
            "week": 3,
            "title": "Exercise 3 Solutions",
            "type": "worksheet",
            "url": "",
            "available": true
        }
    },
    {
        "model": "modules.material",
        "pk": 88,
        "fields": {
            "week": 4,
            "title": "Lecture Slides",
            "type": "slides",
            "url": "",
            "available": true
        }
    },
    {
        "model": "modules.material",
        "pk": 89,
        "fields": {
            "week": 4,
            "title": "Exercise 4",
            "type": "worksheet",
            "url": "",
            "available": true
        }
    },
    {
        "model": "modules.material",
        "pk": 90,
        "fields": {
            "week": 4,
            "title": "Exercise 4 Solutions",
            "type": "worksheet",
            "url": "",
            "available": true
        }
    },
    {
        "model": "modules.week",
        "pk": 25,
        "fields": {
            "module": 2,
            "number": 1,
            "title": "Introduction"
        }
    },
    {
        "model": "modules.week",
        "pk": 26,
        "fields": {
            "module": 2,
            "number": 2,
            "title": "Teams"
        }
    },
    {
        "model": "modules.week",
        "pk": 27,
        "fields": {
            "module": 2,
            "number": 3,
            "title": "Meetings"
        }
    },
    {
        "model": "modules.week",
        "pk": 28,
        "fields": {
            "module": 2,
            "number": 4,
            "title": "Planning"
        }
    },
    {
        "model": "modules.week",
        "pk": 29,
        "fields": {
            "module": 2,
            "number": 5,
            "title": "Projects"
        }
    },
    {
        "model": "modules.week",
        "pk": 30,
        "fields": {
            "module": 2,
            "number": 6,
            "title": "Requirements"
        }
    },
    {
        "model": "modules.week",
        "pk": 31,
        "fields": {
            "module": 2,
            "number": 7,
            "title": "Software Quality"
        }
    },
    {
        "model": "modules.week",
        "pk": 32,
        "fields": {
            "module": 2,
            "number": 8,
            "title": "Demos"
        }
    },
    {
        "model": "modules.week",
        "pk": 33,
        "fields": {
            "module": 2,
            "number": 9,
            "title": "Presentations"
        }
    },
    {
        "model": "modules.week",
        "pk": 34,
        "fields": {
            "module": 2,
            "number": 10,
            "title": "Writing"
        }
    },
    {
        "model": "modules.week",
        "pk": 35,
        "fields": {
            "module": 2,
            "number": 11,
            "title": "Design"
        }
    },
    {
        "model": "modules.week",
        "pk": 36,
        "fields": {
            "module": 2,
            "number": 12,
            "title": "Project Portfolio"
        }
    },
    {
        "model": "modules.week",
        "pk": 37,
        "fields": {
            "module": 2,
            "number": 13,
            "title": "Team Component"
        }
    },
    {
        "model": "modules.week",
        "pk": 38,
        "fields": {
            "module": 2,
            "number": 14,
            "title": "Individual Component"
        }
    },

    {
        "model": "modules.module",
        "pk": 8,
        "fields": {
            "code": "COMP229",
            "name": "Intro To Data Science",
            "description": "",
            "credits": "15.0",
            "lecturer": "Vitaly Kurlin",
            "semester": 1,
            "academic_year": "2025/26",
            "department": "Computer Science",
            "year": 2,
            "students": [1]
        }
    },
    {
        "model": "modules.module",
        "pk": 9,
        "fields": {
            "code": "COMP219",
            "name": "Adv Artificial Intelligence",
            "description": "",
            "credits": "15.0",
            "lecturer": "Xiaowei Huang",
            "semester": 1,
            "academic_year": "2025/26",
            "department": "Computer Science",
            "year": 2,
            "students": [1]
        }
    },

    {"model": "timetable.timetableentry", "pk": 1, "fields": {"student": 1, "module": 2, "day": "MON", "start_time": "09:00:00", "end_time": "12:00:00", "room": "", "event_type": "Drop-in", "semester": 2, "weeks": "1-8,9-12"}},
    {"model": "timetable.timetableentry", "pk": 2, "fields": {"student": 1, "module": 3, "day": "MON", "start_time": "09:00:00", "end_time": "11:00:00", "room": "Central Teaching Hub, PCTC", "event_type": "Drop-in", "semester": 2, "weeks": "2-8,9"}},
    {"model": "timetable.timetableentry", "pk": 3, "fields": {"student": 1, "module": 4, "day": "MON", "start_time": "12:00:00", "end_time": "13:00:00", "room": "Hele-Shaw Lecture Theatre", "event_type": "Lecture", "semester": 2, "weeks": "1-8,9-12"}},
    {"model": "timetable.timetableentry", "pk": 4, "fields": {"student": 1, "module": 3, "day": "MON", "start_time": "15:00:00", "end_time": "17:00:00", "room": "Electrical Engineering, Room E3", "event_type": "Lecture", "semester": 2, "weeks": "1-8,9"}},
    {"model": "timetable.timetableentry", "pk": 33, "fields": {"student": 1, "module": 2, "day": "TUE", "start_time": "09:00:00", "end_time": "12:00:00", "room": "", "event_type": "Drop-in", "semester": 2, "weeks": "1-8,9-12"}},
    {"model": "timetable.timetableentry", "pk": 5, "fields": {"student": 1, "module": 4, "day": "TUE", "start_time": "15:00:00", "end_time": "16:00:00", "room": "Thompson Yates, Room 104", "event_type": "Lecture", "semester": 2, "weeks": "1-8,9-12"}},
    {"model": "timetable.timetableentry", "pk": 6, "fields": {"student": 1, "module": 1, "day": "TUE", "start_time": "16:00:00", "end_time": "17:00:00", "room": "Sherrington Lecture Theatre 2", "event_type": "Class Test", "semester": 2, "weeks": "7"}},
    {"model": "timetable.timetableentry", "pk": 7, "fields": {"student": 1, "module": 1, "day": "TUE", "start_time": "16:00:00", "end_time": "17:00:00", "room": "Sherrington Lecture Theatre 2", "event_type": "Lecture", "semester": 2, "weeks": "1-6,8,9-12"}},
    {"model": "timetable.timetableentry", "pk": 8, "fields": {"student": 1, "module": 4, "day": "WED", "start_time": "10:00:00", "end_time": "11:00:00", "room": "Chemistry Building, Gossage LT 3", "event_type": "Lecture", "semester": 2, "weeks": "1-8,9-12"}},
    {"model": "timetable.timetableentry", "pk": 9, "fields": {"student": 1, "module": 1, "day": "WED", "start_time": "11:00:00", "end_time": "12:00:00", "room": "South Campus Teaching Hub LT 3", "event_type": "Tutorial", "semester": 2, "weeks": "2-8,9-12"}},
    {"model": "timetable.timetableentry", "pk": 10, "fields": {"student": 1, "module": 4, "day": "THU", "start_time": "15:00:00", "end_time": "16:00:00", "room": "George Holt Building, H1.09", "event_type": "PC Teaching Centre", "semester": 2, "weeks": "2-8,9-10"}},
    {"model": "timetable.timetableentry", "pk": 11, "fields": {"student": 1, "module": 5, "day": "FRI", "start_time": "09:00:00", "end_time": "11:00:00", "room": "South Campus Teaching Hub LT 4", "event_type": "Lecture", "semester": 2, "weeks": "1-8,9,11-12"}},
    {"model": "timetable.timetableentry", "pk": 12, "fields": {"student": 1, "module": 3, "day": "FRI", "start_time": "09:00:00", "end_time": "10:00:00", "room": "Central Teaching Hub, PCTC", "event_type": "PC Teaching Centre", "semester": 2, "weeks": "1"}},
    {"model": "timetable.timetableentry", "pk": 13, "fields": {"student": 1, "module": 1, "day": "FRI", "start_time": "11:00:00", "end_time": "13:00:00", "room": "Sherrington Lecture Theatre 2", "event_type": "Lecture", "semester": 2, "weeks": "1-8,9-12"}},
    {"model": "timetable.timetableentry", "pk": 14, "fields": {"student": 1, "module": 5, "day": "FRI", "start_time": "13:30:00", "end_time": "14:30:00", "room": "502 Building, Flex Room 2", "event_type": "Seminar", "semester": 2, "weeks": "2,4,6,8,12"}},
    {"model": "timetable.timetableentry", "pk": 15, "fields": {"student": 1, "module": 5, "day": "FRI", "start_time": "15:30:00", "end_time": "16:30:00", "room": "Rendall Seminar Room 4", "event_type": "Seminar", "semester": 2, "weeks": "11"}},
    {"model": "timetable.timetableentry", "pk": 16, "fields": {"student": 1, "module": 5, "day": "FRI", "start_time": "17:00:00", "end_time": "18:00:00", "room": "Off campus", "event_type": "Study", "semester": 2, "weeks": "1,3,5,7,9,11"}},

    {"model": "timetable.timetableentry", "pk": 17, "fields": {"student": 1, "module": 8, "day": "MON", "start_time": "12:00:00", "end_time": "13:00:00", "room": "Electrical Engineering, Lecture Room E1", "event_type": "Tutorial", "semester": 1, "weeks": "2-11"}},
    {"model": "timetable.timetableentry", "pk": 18, "fields": {"student": 1, "module": 9, "day": "MON", "start_time": "16:30:00", "end_time": "17:30:00", "room": "502 Building, Lecture Theatre 3", "event_type": "Lecture", "semester": 1, "weeks": "1-11"}},
    {"model": "timetable.timetableentry", "pk": 19, "fields": {"student": 1, "module": 8, "day": "TUE", "start_time": "09:00:00", "end_time": "10:00:00", "room": "Electrical Engineering, Lecture Room E2", "event_type": "Lecture", "semester": 1, "weeks": "1-11"}},
    {"model": "timetable.timetableentry", "pk": 20, "fields": {"student": 1, "module": 6, "day": "TUE", "start_time": "10:30:00", "end_time": "11:30:00", "room": "Sherrington Lecture Theatre 2", "event_type": "Lecture", "semester": 1, "weeks": "1-11"}},
    {"model": "timetable.timetableentry", "pk": 21, "fields": {"student": 1, "module": 7, "day": "TUE", "start_time": "14:00:00", "end_time": "15:00:00", "room": "Sherrington Lecture Theatre 2", "event_type": "Lecture", "semester": 1, "weeks": "1-10"}},
    {"model": "timetable.timetableentry", "pk": 22, "fields": {"student": 1, "module": 9, "day": "TUE", "start_time": "15:00:00", "end_time": "16:00:00", "room": "502 Building, Lecture Theatre 3", "event_type": "Lecture", "semester": 1, "weeks": "1-11"}},
    {"model": "timetable.timetableentry", "pk": 23, "fields": {"student": 1, "module": 8, "day": "WED", "start_time": "09:00:00", "end_time": "10:00:00", "room": "Electrical Engineering, Lecture Room E2", "event_type": "Lecture", "semester": 1, "weeks": "1-11"}},
    {"model": "timetable.timetableentry", "pk": 24, "fields": {"student": 1, "module": 6, "day": "WED", "start_time": "10:30:00", "end_time": "11:30:00", "room": "Yoko Ono Lennon Centre: Paul Brett LT", "event_type": "Lecture", "semester": 1, "weeks": "1-11"}},
    {"model": "timetable.timetableentry", "pk": 25, "fields": {"student": 1, "module": 7, "day": "WED", "start_time": "12:00:00", "end_time": "13:00:00", "room": "Yoko Ono Lennon Centre: Paul Brett LT", "event_type": "Lecture", "semester": 1, "weeks": "1-10"}},
    {"model": "timetable.timetableentry", "pk": 26, "fields": {"student": 1, "module": 9, "day": "WED", "start_time": "13:00:00", "end_time": "14:00:00", "room": "502 Building, Lecture Theatre 3", "event_type": "Lecture", "semester": 1, "weeks": "1-11"}},
    {"model": "timetable.timetableentry", "pk": 27, "fields": {"student": 1, "module": 8, "day": "FRI", "start_time": "09:00:00", "end_time": "10:00:00", "room": "126 Mount Pleasant, Teaching Room 209", "event_type": "Class Test", "semester": 1, "weeks": "8"}},
    {"model": "timetable.timetableentry", "pk": 28, "fields": {"student": 1, "module": 8, "day": "FRI", "start_time": "09:00:00", "end_time": "10:00:00", "room": "Electrical Engineering, Lecture Room E2", "event_type": "Lecture", "semester": 1, "weeks": "1-7,9-11"}},
    {"model": "timetable.timetableentry", "pk": 29, "fields": {"student": 1, "module": 6, "day": "FRI", "start_time": "12:00:00", "end_time": "13:00:00", "room": "Sherrington Lecture Theatre 2", "event_type": "Lecture", "semester": 1, "weeks": "1-10"}},
    {"model": "timetable.timetableentry", "pk": 30, "fields": {"student": 1, "module": 7, "day": "FRI", "start_time": "13:30:00", "end_time": "14:30:00", "room": "George Holt Building, H1.05", "event_type": "PC Teaching Centre", "semester": 1, "weeks": "1-10"}},
    {"model": "timetable.timetableentry", "pk": 31, "fields": {"student": 1, "module": 9, "day": "FRI", "start_time": "15:00:00", "end_time": "16:00:00", "room": "George Holt Building, H1.16/1.17", "event_type": "PC Teaching Centre", "semester": 1, "weeks": "2-10"}},
    {"model": "timetable.timetableentry", "pk": 32, "fields": {"student": 1, "module": 6, "day": "FRI", "start_time": "16:30:00", "end_time": "17:30:00", "room": "George Holt Building, H1.05", "event_type": "PC Teaching Centre", "semester": 1, "weeks": "2-10"}}
]
