[
    {
        "model": "auth.user",
        "pk": 1,
        "fields": {
            "username": "jb",
            "first_name": "J",
            "last_name": "B",
            "email": "jb@liverpool.ac.uk",
            "password": "pbkdf2_sha256$870000$PcsXaUb9lDxJIYIiJsh6xV$Dp30AQHkv3Aw4yLCU9d+GruJja79WJ5zTS/XMVnNNZo=",
            "is_active": true,
            "is_staff": false,
            "is_superuser": false
        }
    },
    {
        "model": "auth.user",
        "pk": 2,
        "fields": {
            "username": "admin",
            "first_name": "Admin",
            "last_name": "User",
            "email": "admin@liverpool.ac.uk",
            "password": "pbkdf2_sha256$870000$PcsXaUb9lDxJIYIiJsh6xV$Dp30AQHkv3Aw4yLCU9d+GruJja79WJ5zTS/XMVnNNZo=",
            "is_active": true,
            "is_staff": true,
            "is_superuser": true
        }
    },
    {
        "model": "accounts.userprofile",
        "pk": 1,
        "fields": {
            "user": 1,
            "role": "student",
            "university": "University of Liverpool",
            "course": "Computer Science",
            "year_of_study": 2
        }
    },
    {
        "model": "accounts.userprofile",
        "pk": 2,
        "fields": {
            "user": 2,
            "role": "admin",
            "university": "University of Liverpool",
            "course": "",
            "year_of_study": 1
        }
    },
    {
        "model": "modules.module",
        "pk": 1,
        "fields": {
            "code": "COMP202",
            "name": "Complexity of Algorithms",
            "description": "This module covers the design and analysis of algorithms, including asymptotic notation, recurrences, divide and conquer, dynamic programming, greedy algorithms, and graph algorithms. Students will learn to evaluate algorithm efficiency using Big-O notation, solve recurrence relations, and apply algorithmic paradigms to solve computational problems. The module also introduces NP-completeness and amortised analysis.",
            "credits": "15.0",
            "lecturer": "Dr J. Smith",
            "semester": 2,
            "academic_year": "2025/26",
            "department": "Computer Science",
            "year": 2,
            "students": [1]
        }
    },
    {
        "model": "modules.module",
        "pk": 2,
        "fields": {
            "code": "COMP208",
            "name": "Group Software Project",
            "description": "",
            "credits": "15.0",
            "lecturer": "Lorenzo Gheri",
            "semester": 2,
            "academic_year": "2025/26",
            "department": "Computer Science",
            "year": 2,
            "students": [1]
        }
    },
    {
        "model": "modules.module",
        "pk": 3,
        "fields": {
            "code": "COMP284",
            "name": "Scripting Languages",
            "description": "",
            "credits": "7.5",
            "lecturer": "",
            "semester": 2,
            "academic_year": "2025/26",
            "department": "Computer Science",
            "year": 2,
            "students": [1]
        }
    },
    {
        "model": "modules.module",
        "pk": 4,
        "fields": {
            "code": "COMP285",
            "name": "Computer Aided Software Dev",
            "description": "",
            "credits": "7.5",
            "lecturer": "",
            "semester": 2,
            "academic_year": "2025/26",
            "department": "Computer Science",
            "year": 2,
            "students": [1]
        }
    },
    {
        "model": "modules.module",
        "pk": 5,
        "fields": {
            "code": "ULMS254",
            "name": "Becoming Entrepreneurial",
            "description": "",
            "credits": "15.0",
            "lecturer": "",
            "semester": 2,
            "academic_year": "2025/26",
            "department": "Management School",
            "year": 2,
            "students": [1]
        }
    },
    {
        "model": "modules.module",
        "pk": 6,
        "fields": {
            "code": "COMP201",
            "name": "Software Engineering I",
            "description": "This module provides a comprehensive introduction to the systematic processes and professional standards essential for building reliable, large-scale software applications. It emphasises the practical application of Agile development, requirements analysis, and system modelling, ensuring students understand how to manage a project from initial concept through to rigorous testing.",
            "credits": "15.0",
            "lecturer": "Sebastian Coope",
            "semester": 1,
            "academic_year": "2025/26",
            "department": "Computer Science",
            "year": 2,
            "students": [1]
        }
    },
    {
        "model": "grades.assignment",
        "pk": 1,
        "fields": {
            "module": 1,
            "title": "Class Test",
            "weight": "15.0",
            "type": "coursework",
            "due_date": "2026-02-20"
        }
    },
    {
        "model": "grades.assignment",
        "pk": 2,
        "fields": {
            "module": 1,
            "title": "Programming Assg.",
            "weight": "15.0",
            "type": "coursework",
            "due_date": "2026-04-24"
        }
    },
    {
        "model": "grades.assignment",
        "pk": 3,
        "fields": {
            "module": 1,
            "title": "Final Exam",
            "weight": "70.0",
            "type": "exam",
            "due_date": null
        }
    },
    {
        "model": "grades.assignment",
        "pk": 4,
        "fields": {
            "module": 2,
            "title": "Req. Analysis",
            "weight": "12.0",
            "type": "coursework",
            "due_date": "2026-02-16"
        }
    },
    {
        "model": "grades.assignment",
        "pk": 5,
        "fields": {
            "module": 2,
            "title": "Design Document",
            "weight": "15.0",
            "type": "coursework",
            "due_date": "2026-03-14"
        }
    },
    {
        "model": "grades.assignment",
        "pk": 6,
        "fields": {
            "module": 2,
            "title": "Software Demo",
            "weight": "15.0",
            "type": "coursework",
            "due_date": "2026-04-25"
        }
    },
    {
        "model": "grades.assignment",
        "pk": 7,
        "fields": {
            "module": 2,
            "title": "Portfolio",
            "weight": "30.0",
            "type": "coursework",
            "due_date": "2026-05-02"
        }
    },
    {
        "model": "grades.assignment",
        "pk": 8,
        "fields": {
            "module": 2,
            "title": "Individual Sub.",
            "weight": "20.0",
            "type": "coursework",
            "due_date": "2026-05-09"
        }
    },
    {
        "model": "grades.assignment",
        "pk": 9,
        "fields": {
            "module": 2,
            "title": "Team Activity",
            "weight": "8.0",
            "type": "coursework",
            "due_date": "2026-05-09"
        }
    },
    {
        "model": "modules.week",
        "pk": 1,
        "fields": {
            "module": 1,
            "number": 1,
            "title": "Introduction & Module Overview"
        }
    },
    {
        "model": "modules.week",
        "pk": 2,
        "fields": {
            "module": 1,
            "number": 2,
            "title": "Asymptotic Notation"
        }
    },
    {
        "model": "modules.week",
        "pk": 3,
        "fields": {
            "module": 1,
            "number": 3,
            "title": "Recurrences"
        }
    },
    {
        "model": "modules.week",
        "pk": 4,
        "fields": {
            "module": 1,
            "number": 4,
            "title": "Divide and Conquer"
        }
    },
    {
        "model": "modules.material",
        "pk": 1,
        "fields": {
            "week": 3,
            "title": "Lecture Slides",
            "type": "slides",
            "url": "https://canvas.liverpool.ac.uk/example/slides",
            "available": true
        }
    },
    {
        "model": "modules.material",
        "pk": 2,
        "fields": {
            "week": 3,
            "title": "Tutorial Sheet",
            "type": "worksheet",
            "url": "https://canvas.liverpool.ac.uk/example/worksheet",
            "available": true
        }
    },
    {
        "model": "modules.material",
        "pk": 3,
        "fields": {
            "week": 3,
            "title": "Lecture Recording",
            "type": "recording",
            "url": "",
            "available": false
        }
    },
    {
        "model": "grades.grade",
        "pk": 1,
        "fields": {
            "student": 1,
            "assignment": 4,
            "score": "75.0",
            "status": "graded"
        }
    },
    {
        "model": "grades.grade",
        "pk": 2,
        "fields": {
            "student": 1,
            "assignment": 5,
            "score": null,
            "status": "not_submitted"
        }
    },
    {
        "model": "grades.assignment",
        "pk": 10,
        "fields": {
            "module": 6,
            "title": "CA1 Requirements Analysis",
            "weight": "20.0",
            "type": "coursework",
            "due_date": "2025-11-06"
        }
    },
    {
        "model": "grades.assignment",
        "pk": 11,
        "fields": {
            "module": 6,
            "title": "CA2 Object Oriented Design",
            "weight": "20.0",
            "type": "coursework",
            "due_date": "2025-12-04"
        }
    },
    {
        "model": "grades.assignment",
        "pk": 12,
        "fields": {
            "module": 6,
            "title": "MCQ Exam",
            "weight": "60.0",
            "type": "exam",
            "due_date": "2026-01-12"
        }
    },
    {
        "model": "modules.week",
        "pk": 5,
        "fields": {
            "module": 6,
            "number": 1,
            "title": "Introduction & Software Processes"
        }
    },
    {
        "model": "modules.week",
        "pk": 6,
        "fields": {
            "module": 6,
            "number": 2,
            "title": "Software Requirements & Use Cases"
        }
    },
    {
        "model": "modules.week",
        "pk": 7,
        "fields": {
            "module": 6,
            "number": 3,
            "title": "Requirements Engineering & System Modelling"
        }
    },
    {
        "model": "modules.week",
        "pk": 8,
        "fields": {
            "module": 6,
            "number": 4,
            "title": "System Modelling & Petri Nets"
        }
    },
    {
        "model": "modules.week",
        "pk": 9,
        "fields": {
            "module": 6,
            "number": 5,
            "title": "Design Methodology & Distributed Systems"
        }
    },
    {
        "model": "modules.week",
        "pk": 10,
        "fields": {
            "module": 6,
            "number": 6,
            "title": "Distributed Systems & OO Design"
        }
    },
    {
        "model": "modules.week",
        "pk": 11,
        "fields": {
            "module": 6,
            "number": 7,
            "title": "OO Design & Class Models"
        }
    },
    {
        "model": "modules.week",
        "pk": 12,
        "fields": {
            "module": 6,
            "number": 8,
            "title": "Interaction Diagrams & Testing"
        }
    },
    {
        "model": "modules.week",
        "pk": 13,
        "fields": {
            "module": 6,
            "number": 9,
            "title": "Testing, Project Management & Cost Estimation"
        }
    },
    {
        "model": "modules.week",
        "pk": 14,
        "fields": {
            "module": 6,
            "number": 10,
            "title": "Revision & Review"
        }
    },
    {
        "model": "modules.material",
        "pk": 4,
        "fields": {
            "week": 5,
            "title": "Lecture 1 — What is Software Engineering",
            "type": "slides",
            "url": "",
            "available": true
        }
    },
    {
        "model": "modules.material",
        "pk": 5,
        "fields": {
            "week": 5,
            "title": "Lecture 2 — Process",
            "type": "slides",
            "url": "",
            "available": true
        }
    },
    {
        "model": "modules.material",
        "pk": 6,
        "fields": {
            "week": 5,
            "title": "Lecture 3 — Software Processes",
            "type": "slides",
            "url": "",
            "available": true
        }
    },
    {
        "model": "modules.material",
        "pk": 7,
        "fields": {
            "week": 5,
            "title": "Lab Week 1",
            "type": "worksheet",
            "url": "",
            "available": true
        }
    },
    {
        "model": "modules.material",
        "pk": 8,
        "fields": {
            "week": 6,
            "title": "Lecture 4 — Software Requirements",
            "type": "slides",
            "url": "",
            "available": true
        }
    },
    {
        "model": "modules.material",
        "pk": 9,
        "fields": {
            "week": 6,
            "title": "Lecture 5 — Use Case Analysis",
            "type": "slides",
            "url": "",
            "available": true
        }
    },
    {
        "model": "modules.material",
        "pk": 10,
        "fields": {
            "week": 6,
            "title": "Lab Week 2",
            "type": "worksheet",
            "url": "",
            "available": true
        }
    },
    {
        "model": "modules.material",
        "pk": 11,
        "fields": {
            "week": 7,
            "title": "Lecture 6 — Requirements Case Study",
            "type": "slides",
            "url": "",
            "available": true
        }
    },
    {
        "model": "modules.material",
        "pk": 12,
        "fields": {
            "week": 7,
            "title": "Lectures 7 & 8 — Requirements Engineering Process",
            "type": "slides",
            "url": "",
            "available": true
        }
    },
    {
        "model": "modules.material",
        "pk": 13,
        "fields": {
            "week": 7,
            "title": "Lecture 9 — System Modelling Introduction",
            "type": "slides",
            "url": "",
            "available": true
        }
    },
    {
        "model": "modules.material",
        "pk": 14,
        "fields": {
            "week": 7,
            "title": "Lab Week 3",
            "type": "worksheet",
            "url": "",
            "available": true
        }
    },
    {
        "model": "modules.material",
        "pk": 15,
        "fields": {
            "week": 8,
            "title": "Lecture 10 — System Modelling",
            "type": "slides",
            "url": "",
            "available": true
        }
    },
    {
        "model": "modules.material",
        "pk": 16,
        "fields": {
            "week": 8,
            "title": "Lectures 11 & 12 — Petri Nets",
            "type": "slides",
            "url": "",
            "available": true
        }
    },
    {
        "model": "modules.material",
        "pk": 17,
        "fields": {
            "week": 8,
            "title": "Lab Week 4",
            "type": "worksheet",
            "url": "",
            "available": true
        }
    },
    {
        "model": "modules.material",
        "pk": 18,
        "fields": {
            "week": 9,
            "title": "Lecture 13 — Design Methodology",
            "type": "slides",
            "url": "",
            "available": true
        }
    },
    {
        "model": "modules.material",
        "pk": 19,
        "fields": {
            "week": 9,
            "title": "Lecture 14 — Design Methodology",
            "type": "slides",
            "url": "",
            "available": true
        }
    },
    {
        "model": "modules.material",
        "pk": 20,
        "fields": {
            "week": 9,
            "title": "Lecture 15 — Distributed Systems Architecture",
            "type": "slides",
            "url": "",
            "available": true
        }
    },
    {
        "model": "modules.material",
        "pk": 21,
        "fields": {
            "week": 9,
            "title": "Lab Week 5",
            "type": "worksheet",
            "url": "",
            "available": true
        }
    },
    {
        "model": "modules.material",
        "pk": 22,
        "fields": {
            "week": 10,
            "title": "Lecture 16 — Distributed Systems Architecture",
            "type": "slides",
            "url": "",
            "available": true
        }
    },
    {
        "model": "modules.material",
        "pk": 23,
        "fields": {
            "week": 10,
            "title": "Lecture 17 — OO Design Concepts",
            "type": "slides",
            "url": "",
            "available": true
        }
    },
    {
        "model": "modules.material",
        "pk": 24,
        "fields": {
            "week": 10,
            "title": "Lecture 18 — Hotel Booking Case Study",
            "type": "slides",
            "url": "",
            "available": true
        }
    },
    {
        "model": "modules.material",
        "pk": 25,
        "fields": {
            "week": 11,
            "title": "Lecture 19 — OO Design Case Study",
            "type": "slides",
            "url": "",
            "available": true
        }
    },
    {
        "model": "modules.material",
        "pk": 26,
        "fields": {
            "week": 11,
            "title": "Lecture 20 — Class Models",
            "type": "slides",
            "url": "",
            "available": true
        }
    },
    {
        "model": "modules.material",
        "pk": 27,
        "fields": {
            "week": 11,
            "title": "Lecture 21 — Class Models Continued",
            "type": "slides",
            "url": "",
            "available": true
        }
    },
    {
        "model": "modules.material",
        "pk": 28,
        "fields": {
            "week": 12,
            "title": "Lecture 22 — Interaction Diagrams",
            "type": "slides",
            "url": "",
            "available": true
        }
    },
    {
        "model": "modules.material",
        "pk": 29,
        "fields": {
            "week": 12,
            "title": "Lecture 23 — Verification & Validation",
            "type": "slides",
            "url": "",
            "available": true
        }
    },
    {
        "model": "modules.material",
        "pk": 30,
        "fields": {
            "week": 12,
            "title": "Lecture 24 — Software Testing",
            "type": "slides",
            "url": "",
            "available": true
        }
    },
    {
        "model": "modules.material",
        "pk": 31,
        "fields": {
            "week": 13,
            "title": "Lecture 25 — Software Testing",
            "type": "slides",
            "url": "",
            "available": true
        }
    },
    {
        "model": "modules.material",
        "pk": 32,
        "fields": {
            "week": 13,
            "title": "Lecture 26 — Project Management",
            "type": "slides",
            "url": "",
            "available": true
        }
    },
    {
        "model": "modules.material",
        "pk": 33,
        "fields": {
            "week": 13,
            "title": "Lecture 27 — Software Cost Estimation",
            "type": "slides",
            "url": "",
            "available": true
        }
    },
    {
        "model": "modules.material",
        "pk": 34,
        "fields": {
            "week": 14,
            "title": "Past Paper 1",
            "type": "other",
            "url": "",
            "available": true
        }
    },
    {
        "model": "modules.material",
        "pk": 35,
        "fields": {
            "week": 14,
            "title": "Past Paper 1 — Answers",
            "type": "other",
            "url": "",
            "available": true
        }
    },
    {
        "model": "modules.material",
        "pk": 36,
        "fields": {
            "week": 14,
            "title": "Past Paper 2",
            "type": "other",
            "url": "",
            "available": true
        }
    },
    {
        "model": "modules.material",
        "pk": 37,
        "fields": {
            "week": 14,
            "title": "Past Paper 2 — Answers",
            "type": "other",
            "url": "",
            "available": true
        }
    }
]
